postAtSpecificTime (YYYY-MM-DD HH:mm:ss),content,link (OGmetaUrl),imageUrls,gifUrl,videoUrls,thumbnailUrl
2026-09-25 12:00:00,"Twenty years as What If Multimedia. Today we're Signature Branding & Marketing.

Here's what changed — and it wasn't the logo.

Clients kept telling me the same thing: ""Ken, the images are beautiful. My phone still isn't ringing.""

They were right. Great content isn't a system.

So we built the rest of it. We build the brand, we bring in the leads, and we automate the follow-up — so the business runs when you're not in the room.

Same hands. Bigger job. Still Winter Haven.

Everything we do now — link in bio.

#rebrand #winterhaven #polkcounty #centralflorida #smallbusinessowner #branding #marketingagency #businessgrowth",,,,https://signaturebrandmarketing.com/social/ken/ken-rename.mp4,
2026-10-23 12:00:00,"If you can't say what you do in one sentence, you're losing people before you ever get to the good part.

AI flooded every feed. Attention got shorter. Nobody is giving you a second paragraph to explain yourself.

Here's mine: I'm Ken with Signature Branding & Marketing. We build your brand, we bring in the leads, and we automate the follow-up — so your business runs without you being in the room.

That's the whole thing.

Practice yours until it fits in one breath. It's the cheapest thing you can fix this week.

#personalbrand #brandstrategy #smallbusinesstips #elevatorpitch #marketing #winterhaven #businessowner",,,,https://signaturebrandmarketing.com/social/ken/ken-one-sentence.mp4,
