postAtSpecificTime (YYYY-MM-DD HH:mm:ss),content,link (OGmetaUrl),imageUrls,gifUrl,videoUrls,thumbnailUrl
2026-09-26 12:00:00,"You didn't lose that job to a competitor. You lost it to voicemail.

They called at 2:40 on a Tuesday. You were under a truck / in a chair / on another call. It rang four times.

They didn't leave a message. They called the next name on the list.

You'll never see that one in a report. It just quietly didn't happen.

Signature Funnels texts them back in four seconds, answers what they asked, and puts them on your calendar — whether or not anybody's holding a phone.

From $129/mo. Installed in a week. Link in bio.

#missedcall #smallbusiness #leadgeneration #automation #winterhaven #polkcounty #servicebusiness #businessowner",,https://signaturebrandmarketing.com/social/funnels-ad-9x16.png,,,
2026-09-29 12:00:00,"This one's not for everybody, and I'd rather say so up front.

If the phone rings and you're losing people — that's a plumbing problem, and it's the cheap fix.

Growth Partner is the other problem. The phone doesn't ring enough. The work comes from word of mouth, and word of mouth has a ceiling you've probably already felt.

That's not a funnel problem. A funnel needs something to catch.

So we start with you — your positioning, your story, the reason somebody picks you over the guy charging less. Then the brand. Then the demand. Then the automation.

By application. Link in bio.

#personalbrand #businessgrowth #marketingstrategy #brandstrategy #entrepreneur #winterhaven #centralflorida",,,,https://signaturebrandmarketing.com/social/growth-partner-vertical.mp4,
2026-10-01 12:00:00,"We don't run testimonials because they're flattering. We run them because you shouldn't take my word for it.

In their own words.

#clienttestimonial #smallbusinesssuccess #winterhaven #polkcounty #branding",,,,https://signaturebrandmarketing.com/social/reel-ana.mp4,
2026-10-03 12:00:00,"Most businesses don't have a marketing problem.

They have a systems problem.

A brand over here. A website over there. A CRM nobody updates. Follow-up that depends on somebody remembering.

Every one of those is fine on its own. Together they're a business that only runs when you're standing in the middle of it.

Two minutes will tell you where yours actually stands. Link in bio.

#systems #businessautomation #smallbusinesstips #marketing #entrepreneurmindset #winterhaven",,https://signaturebrandmarketing.com/social/ig-05.png,,,
2026-10-06 12:00:00,"Seventy-five dollars and twenty minutes.

That's a professional headshot at one of our events — the photo that goes on your LinkedIn, your site, your Google profile, the one you stop apologizing for.

It's also how most people meet us. They come for a picture. They stay because we fixed the thing the picture was supposed to fix.

Next event details — link in bio.

#headshots #professionalheadshots #personalbranding #linkedintips #winterhaven #polkcounty #smallbusiness",,https://signaturebrandmarketing.com/social/headshots/hs-02.jpg,,,
2026-10-08 12:00:00,"A message comes in at 9:04 PM.

Option one: it waits until morning, and by morning they've booked somebody else.

Option two: something answers it, knows your calendar, and books Thursday at 2:30.

That's not a person working late. That's a system doing the part that doesn't need a person.

Link in bio.

#aiforbusiness #automation #customerservice #smallbusinessowner #leadresponse #centralflorida",,https://signaturebrandmarketing.com/social/ig-07.png,,,
2026-10-10 12:00:00,"Proof beats a pitch. In their own words.

#clienttestimonial #proof #winterhaven #smallbusiness #branding",,,,https://signaturebrandmarketing.com/social/reel-amber.mp4,
2026-10-13 12:00:00,"Honest question, and it stings a little.

If you disappeared for two weeks — would leads still get answered, followed up, and booked?

Or does all of it run through you?

There's no wrong answer. Most owners we talk to say ""some of it."" That's normal. It's also the exact gap we close.

Free, two minutes, score on the screen. Link in bio.

#businessowner #worklifebalance #systems #delegation #smallbusinessgrowth #entrepreneur",,https://signaturebrandmarketing.com/social/ig-09.png,,,
2026-10-17 12:00:00,"Built for one industry, on purpose.

If you run an insurance agency: the quoting, the follow-up, the renewals, the after-hours questions — all of it runs on somebody remembering.

Agent OS is three AI employees that don't forget. Write more policies. Save more time. Scale the agency.

Link in bio.

#insuranceagency #insuranceagent #aiautomation #agencyowner #insurancemarketing",,,,https://signaturebrandmarketing.com/social/agent-os-vsl-vertical.mp4,
2026-10-20 12:00:00,"What changed, in their own words.

#clienttestimonial #winterhaven #polkcounty #smallbusinesssuccess",,,,https://signaturebrandmarketing.com/social/reel-angelica.mp4,
2026-10-24 12:00:00,"You already refer people. You're just not getting paid for it.

Signature Rewards: send us a business that needs a brand, a website, a funnel or the whole system — and you earn every month they stay.

Not a finder's fee. Not once. Every month.

You don't have to sell anything or know how any of it works. Make the introduction. We do the rest.

Link in bio.

#referralprogram #sidehustle #passiveincome #winterhaven #smallbusiness #networking",,https://signaturebrandmarketing.com/social/ig-13.png,,,
